{
  "links": {
    "self": "https://api.covidtracking.com/states"
  },
  "meta": {
    "build_time": "2021-06-01T07:04:31.869Z",
    "license": "CC-BY-4.0",
    "version": "2.0-beta",
    "field_definitions": [
      {
        "name": "State code",
        "field": "state_code",
        "deprecated": false,
        "prior_names": [
          "state"
        ]
      }
    ]
  },
  "data": [
    {
      "name": "Alaska",
      "state_code": "AK",
      "fips": "02",
      "sites": [
        {
          "url": "http://dhss.alaska.gov/dph/Epi/id/Pages/COVID-19/monitoring.aspx",
          "label": "primary"
        },
        {
          "url": "https://experience.arcgis.com/experience/ed1c874ca60b4c15ab09095a070065ca",
          "label": "secondary"
        },
        {
          "url": "https://alaska-dhss.maps.arcgis.com/apps/opsdashboard/index.html#/8782a14ef52342e99f866a3b8a3e624a",
          "label": "tertiary"
        },
        {
          "url": "https://services1.arcgis.com/WzFsmainVTuD5KML/arcgis/rest/services/Tests_Dataset/FeatureServer/0/query?where=Test_Result+%3D+%27Negative%27&outStatistics=%5B%7B%27statisticType%27%3A+%27count%27%2C+%27onStatisticField%27%3A+%27FID%27%2C+%27outStatisticFieldName%27%3A+%27tests_negative%27%7D%5D",
          "label": "quaternary"
        },
        {
          "url": "https://services1.arcgis.com/WzFsmainVTuD5KML/arcgis/rest/services/Tests_Dataset/FeatureServer/0/query?where=Test_Result+%3D+%27Positive%27&outStatistics=%5B%7B%27statisticType%27%3A+%27count%27%2C+%27onStatisticField%27%3A+%27FID%27%2C+%27outStatisticFieldName%27%3A+%27tests_positive%27%7D%5D",
          "label": "quinary"
        }
      ]
    }
  ]
}
